Box,Year,Date,File,Time,Sex,Combo,Band,BreedID,Scorer,TapeType,Experiment,BroodSize,Nage,Visit,FileLength,FileStart,TimeON,TimeIn,TimeOut,TimeOFF,0:48:20,TripTime,TripSec,LogTripSec,AtBox,AtBoxSec,LogAtBox,InBox,InBoxSec,LogInBox,LoadSize,Loadmm,LogLoad,NumItems,PreyType,Fecalsac,Notes
C2,2013,4/28/2013,1,8:37,F,PG,234101182,4072,JL,Normal,Control,3,1,1,0:58:46,0:00:00,0:01:39,0:01:40,0:09:59,0:10:06,O,,,,0:08:27,507,2.71,0:08:19,499,2.70,,,,,too fast,,
C2,2013,4/28/2013,1,8:37,F,,234101182,4072,JL,Normal,Control,3,1,2,0:58:46,0:00:00,0:19:08,0:19:10,0:25:36,0:25:39,,0:09:02,542,2.73,0:06:31,391,2.59,0:06:26,386,2.59,,,,,too fast,,
C2,2013,4/28/2013,1,8:37,F,,234101182,4072,JL,Normal,Control,3,1,3,0:58:46,0:00:00,0:31:26,0:31:33,0:34:35,0:34:40,,0:05:47,347,2.54,0:03:14,194,2.29,0:03:02,182,2.26,0.3,65.4,1.8,1,bit,,
C2,2013,4/28/2013,1,8:37,F,,234101182,4072,JL,Normal,Control,3,1,4,0:58:46,0:00:00,0:38:10,0:38:20,0:44:35,0:44:36,,0:03:30,210,2.32,0:06:26,386,2.59,0:06:15,375,2.57,,,,,inside the bill,,
C2,2013,4/28/2013,1,8:37,F,,234101182,4072,JL,Normal,Control,3,1,5,0:58:46,0:00:00,0:47:40,0:47:47,0:48:20,0:48:27,,0:03:04,184,2.26,0:00:47,47,1.67,0:00:33,33,1.52,,,,,,,
C2,2013,4/28/2013,1,8:37,F,,234101182,4072,JL,Normal,Control,3,1,6,0:58:46,0:00:00,0:51:30,0:51:31,0:52:50,0:53:00,,0:03:03,183,2.26,0:01:30,90,1.95,0:01:19,79,1.90,0.3,65.4,1.8,1,bit,,
C2,2013,4/28/2013,1,8:37,F,,234101182,4072,JL,Normal,Control,3,1,6.1,0:58:46,0:00:00,0:53:44,,,0:53:48,,,,,0:00:04,4,0.60,,,,,,,,,,
C2,2013,4/28/2013,1,8:37,F,,234101182,4072,JL,Normal,Control,3,1,7,0:58:46,0:00:00,0:57:12,0:57:30,0:10:17,0:10:19,O,0:04:08,248,2.39,0:11:53,713,2.85,0:11:33,693,2.84,,,,,inside the bill,,
C2,2013,4/28/2013,2,8:37,F,,234101182,4072,JL,Normal,Control,3,1,8,0:57:33,0:58:46,0:17:58,0:17:59,0:20:38,0:20:43,,0:07:39,459,2.66,0:02:45,165,2.22,0:02:39,159,2.20,,,,,too fast,,
C2,2013,4/28/2013,2,8:37,F,,234101182,4072,JL,Normal,Control,3,1,9,0:57:33,0:58:46,0:22:19,0:22:20,0:22:37,0:22:45,,0:01:36,96,1.98,0:00:26,26,1.41,0:00:17,17,1.23,,,,,too fast,,
C2,2013,4/28/2013,2,8:37,F,,234101182,4072,JL,Normal,Control,3,1,10,0:57:33,0:58:46,0:31:54,0:31:55,0:35:24,0:35:29,,0:09:09,549,2.74,0:03:35,215,2.33,0:03:29,209,2.32,,,,,too fast,,
C2,2013,4/28/2013,2,8:37,F,,234101182,4072,JL,Normal,Control,3,1,11,0:57:33,0:58:46,0:37:37,0:37:40,0:44:20,0:44:22,,0:02:08,128,2.11,0:06:45,405,2.61,0:06:40,400,2.60,,,,,facing away,,
C2,2013,4/28/2013,2,8:37,F,,234101182,4072,JL,Normal,Control,3,1,12,0:57:33,0:58:46,0:49:58,0:50:04,0:57:32,0:57:33,,0:05:36,336,2.53,0:07:35,455,2.66,0:07:28,448,2.65,,,,,inside the bill,,
C2,2013,4/28/2013,1,8:37,M,BCPX,243149471,4072,JL,Normal,Control,3,1,0.1,0:58:46,0:00:00,0:01:26,,,0:01:38,,,,,0:00:12,12,1.08,,,,0.4,87.2,1.9,4,white bits,,Left with food
C2,2013,4/28/2013,1,8:37,M,,243149471,4072,JL,Normal,Control,3,1,1,0:58:46,0:00:00,0:01:59,0:02:05,0:02:57,0:05:19,,,,,0:03:20,200,2.30,0:00:52,52,1.72,0.5,109.0,2.0,1,abdomen,,was hiding behind the box but beak still visible from 0:03:23 to 0:05:17
C2,2013,4/28/2013,1,8:37,M,,243149471,4072,JL,Normal,Control,3,1,2,0:58:46,0:00:00,0:09:27,0:09:29,0:17:31,0:17:55,,0:04:08,248,2.39,0:08:28,508,2.71,0:08:02,482,2.68,,,,,inside the bill,,was hiding behind the box but still visible from 0:17:39 to 0:17:55
C2,2013,4/28/2013,1,8:37,M,,243149471,4072,JL,Normal,Control,3,1,2.1,0:58:46,0:00:00,0:19:12,,,0:19:17,,,,,0:00:05,5,0.70,,,,,,,,,,
C2,2013,4/28/2013,1,8:37,M,,243149471,4072,JL,Normal,Control,3,1,3,0:58:46,0:00:00,0:25:41,0:25:42,0:31:31,0:31:32,"O,G",0:07:41,461,2.66,0:05:51,351,2.55,0:05:49,349,2.54,0.5,109.0,2.0,1,abdomen,,male was trying to leave the box as female was trying to come in
C2,2013,4/28/2013,1,8:37,M,,243149471,4072,JL,Normal,Control,3,1,4,0:58:46,0:00:00,0:34:43,0:34:45,0:38:16,0:38:18,"O,G",0:03:11,191,2.28,0:03:35,215,2.33,0:03:31,211,2.32,,,,,too fast,,male was trying to leave the box as female was trying to come in
C2,2013,4/28/2013,1,8:37,M,,243149471,4072,JL,Normal,Control,3,1,4.1,0:58:46,0:00:00,0:44:28,,,0:44:32,,,,,0:00:04,4,0.60,,,,,,,,,,
C2,2013,4/28/2013,1,8:37,M,,243149471,4072,JL,Normal,Control,3,1,5,0:58:46,0:00:00,0:44:40,0:44:42,0:47:45,0:47:46,"O,G",0:06:18,378,2.58,0:03:06,186,2.27,0:03:03,183,2.26,0.6,130.8,2.1,1,abdomen,,male was trying to leave the box as female was trying to come in
C2,2013,4/28/2013,1,8:37,M,,243149471,4072,JL,Normal,Control,3,1,5.1,0:58:46,0:00:00,0:48:12,,,0:48:18,,,,,0:00:06,6,0.78,,,,,,,,,,
C2,2013,4/28/2013,1,8:37,M,,243149471,4072,JL,Normal,Control,3,1,6,0:58:46,0:00:00,0:48:38,0:48:40,0:51:27,0:51:28,,0:00:46,46,1.66,0:02:50,170,2.23,0:02:47,167,2.22,,,,,too fast,,
C2,2013,4/28/2013,1,8:37,M,,243149471,4072,JL,Normal,Control,3,1,7,0:58:46,0:00:00,0:53:19,0:53:20,0:57:25,0:57:28,"O,G",0:01:51,111,2.05,0:04:09,249,2.40,0:04:05,245,2.39,,,,,too fast,,male was trying to leave the box as female was trying to come in
C2,2013,4/28/2013,1,8:37,M,,243149471,4072,JL,Normal,Control,3,1,8,0:58:46,0:00:00,0:58:43,0:00:04,0:00:34,0:00:35,,0:01:15,75,1.88,0:00:38,38,1.58,0:00:30,30,1.48,,,,,inside the bill,,
C2,2013,4/28/2013,2,8:37,M,,243149471,4072,JL,Normal,Control,3,1,8.1,0:57:33,0:58:46,0:10:15,,,0:10:16,,,,,0:00:01,1,0.00,,,,,,,,,,
C2,2013,4/28/2013,2,8:37,M,,243149471,4072,JL,Normal,Control,3,1,9,0:57:33,0:58:46,0:10:23,0:10:24,0:18:12,0:18:14,O,0:09:47,587,2.77,0:07:51,471,2.67,0:07:48,468,2.67,0.3,65.4,1.8,1,bit,,
C2,2013,4/28/2013,2,8:37,M,,243149471,4072,JL,Normal,Control,3,1,10,0:57:33,0:58:46,0:20:03,0:20:04,0:20:11,0:20:12,,0:01:49,109,2.04,0:00:09,9,0.95,0:00:07,7,0.85,,,,,,,
C2,2013,4/28/2013,2,8:37,M,,243149471,4072,JL,Normal,Control,3,1,10.1,0:57:33,0:58:46,0:20:26,,,0:20:34,,,,,0:00:08,8,0.90,,,,,,,,,,
C2,2013,4/28/2013,2,8:37,M,,243149471,4072,JL,Normal,Control,3,1,11,0:57:33,0:58:46,0:20:48,0:20:53,0:28:45,0:28:48,O,0:00:28,28,1.45,0:08:00,480,2.68,0:07:52,472,2.67,,,,,inside the bill,,
C2,2013,4/28/2013,2,8:37,M,,243149471,4072,JL,Normal,Control,3,1,12,0:57:33,0:58:46,0:29:04,0:29:09,0:32:11,0:32:12,O,0:00:16,16,1.20,0:03:08,188,2.27,0:03:02,182,2.26,,,,,inside the bill,,
C2,2013,4/28/2013,2,8:37,M,,243149471,4072,JL,Normal,Control,3,1,13,0:57:33,0:58:46,0:35:35,0:35:39,0:38:24,0:38:26,O,0:03:23,203,2.31,0:02:51,171,2.23,0:02:45,165,2.22,0.4,87.2,1.9,1,white bits,,
C2,2013,4/28/2013,2,8:37,M,,243149471,4072,JL,Normal,Control,3,1,14,0:57:33,0:58:46,0:46:55,0:47:08,0:50:26,0:50:32,O,0:08:29,509,2.71,0:03:37,217,2.34,0:03:18,198,2.30,0.7,152.6,2.2,1,larvae,,
C2,2013,4/28/2013,2,8:37,M,,243149471,4072,JL,Normal,Control,3,1,14.1,0:57:33,0:58:46,0:53:13,,,0:53:24,,,,,0:00:11,11,1.04,,,,,,,,,,
C2,2013,4/28/2013,1,8:37,S,,,4072,JL,Normal,Control,3,1,,0:58:46,0:00:00,0:53:31,,,0:53:34,,,,,0:00:03,3,0.48,,,,,,,,,,
C2,2013,4/28/2013,2,8:37,S,,,4072,JL,Normal,Control,3,1,,0:57:33,0:58:46,0:20:04,,,0:20:10,,,,,0:00:06,6,0.78,,,,,,,,,,starling
C2,2013,4/28/2013,2,8:37,S,,,4072,JL,Normal,Control,3,1,,0:57:33,0:58:46,0:36:54,,,0:36:57,,,,,0:00:03,3,0.48,,,,,,,,,,starling